Year,Rank,Player,Age,Team,First,Pts_Won,Pts_Max,MVP_Share,Games,MP,PTS,TRB,AST,STL,BLK,FG_Percentage,Three_Pt_Percentage,FT_Percentage,WS,WS_Per_48_Min
2022,1,Nikola Jokic,26,DEN,65,875,1000,0.875,74,33.5,27.1,13.8,7.9,1.5,0.9,0.583,0.337,0.81,15.2,0.296
2022,2,Joel Embiid,27,PHI,26,706,1000,0.706,68,33.8,30.6,11.7,4.2,1.1,1.5,0.499,0.371,0.814,12,0.252
2022,3,Giannis Antetokounmpo,27,MIL,9,595,1000,0.595,67,32.9,29.9,11.6,5.8,1.1,1.4,0.553,0.293,0.722,12.9,0.281
2022,4,Devin Booker,25,PHO,0,216,1000,0.216,68,34.5,26.8,5,4.8,1.1,0.4,0.466,0.383,0.868,7.6,0.156
2022,5,Luka Doncic,22,DAL,0,146,1000,0.146,65,35.4,28.4,9.1,8.7,1.2,0.6,0.457,0.353,0.744,7.6,0.159
2021,1,Nikola Jokic,25,DEN,91,971,1010,0.961,72,34.6,26.4,10.8,8.3,1.3,0.7,0.566,0.388,0.868,15.6,0.301
2021,2,Joel Embiid,26,PHI,1,586,1010,0.58,51,31.1,28.5,10.6,2.8,1,1.4,0.513,0.377,0.859,8.8,0.266
2021,3,Stephen Curry,32,GSW,5,453,1010,0.449,63,34.2,32,5.5,5.8,1.2,0.1,0.482,0.421,0.916,9,0.201
2021,4,Giannis Antetokounmpo,26,MIL,1,348,1010,0.345,61,33,28.1,11,5.9,1.2,1.2,0.569,0.303,0.685,10.2,0.244
2021,5,Chris Paul,35,PHO,2,139,1010,0.138,70,31.4,16.4,4.5,8.9,1.4,0.3,0.499,0.395,0.934,9.2,0.201
2020,1,Giannis Antetokounmpo,25,MIL,85,962,1010,0.952,63,30.4,29.5,13.6,5.6,1,1,0.553,0.304,0.633,11.1,0.279
2020,2,LeBron James,35,LAL,16,753,1010,0.746,67,34.6,25.3,7.8,10.2,1.2,0.5,0.493,0.348,0.693,9.8,0.204
2020,3,James Harden,30,HOU,0,367,1010,0.363,68,36.5,34.3,6.6,7.5,1.8,0.9,0.444,0.355,0.865,13.1,0.254
2020,4,Luka Doncic,20,DAL,0,200,1010,0.198,61,33.6,28.8,9.4,8.8,1,0.2,0.463,0.316,0.758,8.8,0.207
2020,5,Kawhi Leonard,28,LAC,0,168,1010,0.166,57,32.4,27.1,7.1,4.9,1.8,0.6,0.47,0.378,0.886,8.7,0.226
2019,1,Giannis Antetokounmpo,24,MIL,78,941,1010,0.932,72,32.8,27.7,12.5,5.9,1.3,1.5,0.578,0.256,0.729,14.4,0.292
2019,2,James Harden,29,HOU,23,776,1010,0.768,78,36.8,36.1,6.6,7.5,2,0.7,0.442,0.368,0.879,15.2,0.254
2019,3,Paul George,28,OKC,0,356,1010,0.352,77,36.9,28,8.2,4.1,2.2,0.4,0.438,0.386,0.839,11.9,0.201
2019,4,Nikola Jokic,23,DEN,0,212,1010,0.21,80,31.3,20.1,10.8,7.3,1.4,0.7,0.511,0.307,0.821,11.8,0.226
2019,5,Stephen Curry,30,GSW,0,175,1010,0.173,69,33.8,27.3,5.3,5.2,1.3,0.4,0.472,0.437,0.916,9.7,0.199
2018,1,James Harden,28,HOU,86,965,1010,0.955,72,35.4,30.4,5.4,8.8,1.8,0.7,0.449,0.367,0.858,15.4,0.289
2018,2,LeBron James,33,CLE,15,738,1010,0.731,82,36.9,27.5,8.6,9.1,1.4,0.9,0.542,0.367,0.731,14,0.221
2018,3,Anthony Davis,24,NOP,0,445,1010,0.441,75,36.4,28.1,11.1,2.3,1.5,2.6,0.534,0.34,0.828,13.7,0.241
2018,4,Damian Lillard,27,POR,0,207,1010,0.205,73,36.6,26.9,4.5,6.6,1.1,0.4,0.439,0.361,0.916,12.6,0.227
2018,5,Russell Westbrook,29,OKC,0,76,1010,0.075,80,36.4,25.4,10.1,10.3,1.8,0.3,0.449,0.298,0.737,10.1,0.166
2017,1,Russell Westbrook,28,OKC,69,888,1010,0.879,81,34.6,31.6,10.7,10.4,1.6,0.4,0.425,0.343,0.845,13.1,0.224
2017,2,James Harden,27,HOU,22,753,1010,0.746,81,36.4,29.1,8.1,11.2,1.5,0.5,0.44,0.347,0.847,15,0.245
2017,3,Kawhi Leonard,25,SAS,9,500,1010,0.495,74,33.4,25.5,5.8,3.5,1.8,0.7,0.485,0.38,0.88,13.6,0.264
2017,4,LeBron James,32,CLE,1,333,1010,0.33,74,37.8,26.4,8.6,8.7,1.2,0.6,0.548,0.363,0.674,12.9,0.221
2017,5,Isaiah Thomas,27,BOS,0,81,1010,0.08,76,33.8,28.9,2.7,5.9,0.9,0.2,0.463,0.379,0.909,12.5,0.234
2016,1,Stephen Curry,27,GSW,131,1310,1310,1,79,34.2,30.1,5.4,6.7,2.1,0.2,0.504,0.454,0.908,17.9,0.318
2016,2,Kawhi Leonard,24,SAS,0,634,1310,0.484,72,33.1,21.2,6.8,2.6,1.8,1,0.506,0.443,0.874,13.7,0.277
2016,3,LeBron James,31,CLE,0,631,1310,0.482,76,35.6,25.3,7.4,6.8,1.4,0.6,0.52,0.309,0.731,13.6,0.242
2016,4,Russell Westbrook,27,OKC,0,486,1310,0.371,80,34.4,23.5,7.8,10.4,2,0.3,0.454,0.296,0.812,14,0.245
2016,5,Kevin Durant,27,OKC,0,147,1310,0.112,72,35.8,28.2,8.2,5,1,1.2,0.505,0.387,0.898,14.5,0.27
2015,1,Stephen Curry,26,GSW,100,1198,1300,0.922,80,32.7,23.8,4.3,7.7,2,0.2,0.487,0.443,0.914,15.7,0.288
2015,2,James Harden,25,HOU,25,936,1300,0.72,81,36.8,27.4,5.7,7,1.9,0.7,0.44,0.375,0.868,16.4,0.265
2015,3,LeBron James,30,CLE,5,552,1300,0.425,69,36.1,25.3,6,7.4,1.6,0.7,0.488,0.354,0.71,10.4,0.199
2015,4,Russell Westbrook,26,OKC,0,352,1300,0.271,67,34.4,28.1,7.3,8.6,2.1,0.2,0.426,0.299,0.835,10.6,0.222
2015,5,Anthony Davis,21,NOP,0,203,1300,0.156,68,36.1,24.4,10.2,2.2,1.5,2.9,0.535,0.083,0.805,14,0.274
2014,1,Kevin Durant,25,OKC,119,1232,1250,0.986,81,38.5,32,7.4,5.5,1.3,0.7,0.503,0.391,0.873,19.2,0.295
2014,2,LeBron James,29,MIA,6,891,1250,0.713,77,37.7,27.1,6.9,6.3,1.6,0.3,0.567,0.379,0.75,15.9,0.264
2014,3,Blake Griffin,24,LAC,0,434,1250,0.347,80,35.8,24.1,9.5,3.9,1.2,0.6,0.528,0.273,0.715,12.2,0.205
2014,4,Joakim Noah,28,CHI,0,322,1250,0.258,80,35.3,12.6,11.3,5.4,1.2,1.5,0.475,0,0.737,11.2,0.19
2014,5,James Harden,24,HOU,0,85,1250,0.068,73,38,25.4,4.7,6.1,1.6,0.4,0.456,0.366,0.866,12.8,0.221
2013,1,LeBron James,28,MIA,120,1207,1210,0.998,76,37.9,26.8,8,7.3,1.7,0.9,0.565,0.406,0.753,19.3,0.322
2013,2,Kevin Durant,24,OKC,0,765,1210,0.632,81,38.5,28.1,7.9,4.6,1.4,1.3,0.51,0.416,0.905,18.9,0.291
2013,3,Carmelo Anthony,28,NYK,1,475,1210,0.393,67,37,28.7,6.9,2.6,0.8,0.5,0.449,0.379,0.83,9.5,0.184
2013,4,Chris Paul,27,LAC,0,289,1210,0.239,70,33.4,16.9,3.7,9.7,2.4,0.1,0.481,0.328,0.885,13.9,0.287
2013,5,Kobe Bryant,34,LAL,0,184,1210,0.152,78,38.6,27.3,5.6,6,1.4,0.3,0.463,0.324,0.839,10.9,0.174
2012,1,LeBron James,27,MIA,85,1074,1210,0.888,62,37.5,27.1,7.9,6.2,1.9,0.8,0.531,0.362,0.771,14.5,0.298
2012,2,Kevin Durant,23,OKC,24,889,1210,0.735,66,38.6,28,8,3.5,1.3,1.2,0.496,0.387,0.86,12.2,0.23
2012,3,Chris Paul,26,LAC,6,385,1210,0.318,60,36.4,19.8,3.6,9.1,2.5,0.1,0.478,0.371,0.861,12.7,0.278
2012,4,Kobe Bryant,33,LAL,2,352,1210,0.291,58,38.5,27.9,5.4,4.6,1.2,0.3,0.43,0.303,0.845,6.2,0.132
2012,5,Tony Parker,29,SAS,4,331,1210,0.274,60,32.1,18.3,2.9,7.7,1,0.1,0.48,0.23,0.799,7.1,0.177
2011,1,Derrick Rose,22,CHI,113,1182,1210,0.977,81,37.4,25,4.1,7.7,1,0.6,0.445,0.332,0.858,13.1,0.208
2011,2,Dwight Howard,25,ORL,3,643,1210,0.531,78,37.6,22.9,14.1,1.4,1.4,2.4,0.593,0,0.596,14.4,0.235
2011,3,LeBron James,26,MIA,4,522,1210,0.431,79,38.8,26.7,7.5,7,1.6,0.6,0.51,0.33,0.759,15.6,0.244
2011,4,Kobe Bryant,32,LAL,1,428,1210,0.354,82,33.9,25.3,5.1,4.7,1.2,0.1,0.451,0.323,0.828,10.3,0.178
2011,5,Kevin Durant,22,OKC,0,190,1210,0.157,78,38.9,27.7,6.8,2.7,1.1,1,0.462,0.35,0.88,12,0.18
2010,1,LeBron James,25,CLE,116,1205,1230,0.98,76,39,29.7,7.3,8.6,1.6,1,0.503,0.333,0.767,18.5,0.299
2010,2,Kevin Durant,21,OKC,4,609,1230,0.495,82,39.5,30.1,7.6,2.8,1.4,1,0.476,0.365,0.9,16.1,0.238
2010,3,Kobe Bryant,31,LAL,0,599,1230,0.487,73,38.8,27,5.4,5,1.5,0.3,0.456,0.329,0.811,9.4,0.16
2010,4,Dwight Howard,24,ORL,3,478,1230,0.389,82,34.7,18.3,13.2,1.8,0.9,2.8,0.612,0,0.592,13.2,0.223
2010,5,Dwyane Wade,28,MIA,0,119,1230,0.097,77,36.3,26.6,4.8,6.5,1.8,1.1,0.476,0.3,0.761,13,0.224
2009,1,LeBron James,24,CLE,109,1172,1210,0.969,81,37.7,28.4,7.6,7.2,1.7,1.1,0.489,0.344,0.78,20.3,0.318
2009,2,Kobe Bryant,30,LAL,2,698,1210,0.577,82,36.1,26.8,5.2,4.9,1.5,0.5,0.467,0.351,0.856,12.7,0.206
2009,3,Dwyane Wade,27,MIA,7,680,1210,0.562,79,38.6,30.2,5,7.5,2.2,1.3,0.491,0.317,0.765,14.7,0.232
2009,4,Dwight Howard,23,ORL,1,328,1210,0.271,79,35.7,20.6,13.8,1.4,1,2.9,0.572,0,0.594,13.8,0.234
2009,5,Chris Paul,23,NOH,2,192,1210,0.159,78,38.5,22.8,5.5,11,2.8,0.1,0.503,0.364,0.868,18.3,0.292
2008,1,Kobe Bryant,29,LAL,82,1100,1260,0.873,82,38.9,28.3,6.3,5.4,1.8,0.5,0.459,0.361,0.84,13.8,0.208
2008,2,Chris Paul,22,NOH,28,894,1260,0.71,80,37.6,21.1,4,11.6,2.7,0.1,0.488,0.369,0.851,17.8,0.284
2008,3,Kevin Garnett,31,BOS,15,670,1260,0.532,71,32.8,18.8,9.2,3.4,1.4,1.3,0.539,0,0.801,12.9,0.265
2008,4,LeBron James,23,CLE,1,438,1260,0.348,75,40.4,30,7.9,7.2,1.8,1.1,0.484,0.315,0.712,15.2,0.242
2008,5,Dwight Howard,22,ORL,0,60,1260,0.048,82,37.7,20.7,14.2,1.3,0.9,2.1,0.599,0,0.59,12.9,0.2
2007,1,Dirk Nowitzki,28,DAL,83,1138,1290,0.882,78,36.2,24.6,8.9,3.4,0.7,0.8,0.502,0.416,0.904,16.3,0.278
2007,2,Steve Nash,32,PHO,44,1013,1290,0.785,76,35.3,18.6,3.5,11.6,0.8,0.1,0.532,0.455,0.899,12.6,0.225
2007,3,Kobe Bryant,28,LAL,2,521,1290,0.404,77,40.8,31.6,5.7,5.4,1.4,0.5,0.463,0.344,0.868,13,0.199
2007,4,Tim Duncan,30,SAS,0,286,1290,0.222,80,34.1,20,10.6,3.4,0.8,2.4,0.546,0.111,0.637,13,0.23
2007,5,LeBron James,22,CLE,0,183,1290,0.142,78,40.9,27.3,6.7,6,1.6,0.7,0.476,0.319,0.698,13.7,0.206
2006,1,Steve Nash,31,PHO,57,924,1250,0.739,79,35.4,18.8,4.2,10.5,0.8,0.2,0.512,0.439,0.921,12.4,0.212
2006,2,LeBron James,21,CLE,16,688,1250,0.55,79,42.5,31.4,7,6.6,1.6,0.8,0.48,0.335,0.738,16.3,0.232
2006,3,Dirk Nowitzki,27,DAL,14,544,1250,0.435,81,38.1,26.6,9,2.8,0.7,1,0.48,0.406,0.901,17.7,0.275
2006,4,Kobe Bryant,27,LAL,22,483,1250,0.386,80,41,35.4,5.3,4.5,1.8,0.4,0.45,0.347,0.85,15.3,0.224
2006,5,Chauncey Billups,29,DET,15,430,1250,0.344,81,36.1,18.5,3.1,8.6,0.9,0.1,0.418,0.433,0.894,15.5,0.254
2005,1,Steve Nash,30,PHO,65,1066,1270,0.839,75,34.3,15.5,3.3,11.5,1,0.1,0.502,0.431,0.887,10.9,0.203
2005,2,Shaquille O'Neal,32,MIA,58,1032,1270,0.813,73,34.1,22.9,10.4,2.7,0.5,2.3,0.601,,0.461,11,0.211
2005,3,Dirk Nowitzki,26,DAL,0,349,1270,0.275,78,38.7,26.1,9.7,3.1,1.2,1.5,0.459,0.399,0.869,15.6,0.248
2005,4,Tim Duncan,28,SAS,1,328,1270,0.258,66,33.4,20.3,11.1,2.7,0.7,2.6,0.496,0.333,0.67,11.2,0.245
2005,5,Allen Iverson,29,PHI,2,240,1270,0.189,75,42.3,30.7,4,7.9,2.4,0.1,0.424,0.308,0.835,9,0.136
2004,1,Kevin Garnett,27,MIN,120,1219,1230,0.991,82,39.4,24.2,13.9,5,1.5,2.2,0.499,0.256,0.791,18.3,0.272
2004,2,Tim Duncan,27,SAS,0,716,1230,0.582,69,36.6,22.3,12.4,3.1,0.9,2.7,0.501,0.167,0.599,13.1,0.249
2004,3,Jermaine O'Neal,25,IND,2,523,1230,0.425,78,35.7,20.1,10,2.1,0.8,2.6,0.434,0.111,0.757,9,0.155
2004,4,Peja Stojaković,26,SAC,1,281,1230,0.228,81,40.3,24.2,6.3,2.1,1.3,0.2,0.48,0.433,0.927,13.5,0.198
2004,5,Kobe Bryant,25,LAL,0,212,1230,0.172,65,37.6,24,5.5,5.1,1.7,0.4,0.438,0.327,0.852,10.7,0.21
2003,1,Kevin Garnett,27,MIN,120,1219,1230,0.991,82,39.4,24.2,13.9,5,1.5,2.2,0.499,0.256,0.791,18.3,0.272
2003,2,Tim Duncan,27,SAS,0,716,1230,0.582,69,36.6,22.3,12.4,3.1,0.9,2.7,0.501,0.167,0.599,13.1,0.249
2003,3,Jermaine O'Neal,25,IND,2,523,1230,0.425,78,35.7,20.1,10,2.1,0.8,2.6,0.434,0.111,0.757,9,0.155
2003,4,Peja Stojaković,26,SAC,1,281,1230,0.228,81,40.3,24.2,6.3,2.1,1.3,0.2,0.48,0.433,0.927,13.5,0.198
2003,5,Kobe Bryant,25,LAL,0,212,1230,0.172,65,37.6,24,5.5,5.1,1.7,0.4,0.438,0.327,0.852,10.7,0.21
2002,1,Kevin Garnett,27,MIN,120,1219,1230,0.991,82,39.4,24.2,13.9,5,1.5,2.2,0.499,0.256,0.791,18.3,0.272
2002,2,Tim Duncan,27,SAS,0,716,1230,0.582,69,36.6,22.3,12.4,3.1,0.9,2.7,0.501,0.167,0.599,13.1,0.249
2002,3,Jermaine O'Neal,25,IND,2,523,1230,0.425,78,35.7,20.1,10,2.1,0.8,2.6,0.434,0.111,0.757,9,0.155
2002,4,Peja Stojaković,26,SAC,1,281,1230,0.228,81,40.3,24.2,6.3,2.1,1.3,0.2,0.48,0.433,0.927,13.5,0.198
2002,5,Kobe Bryant,25,LAL,0,212,1230,0.172,65,37.6,24,5.5,5.1,1.7,0.4,0.438,0.327,0.852,10.7,0.21
2001,1,Allen Iverson,25,PHI,93,1121,1240,0.904,71,42,31.1,3.8,4.6,2.5,0.3,0.42,0.32,0.814,11.8,0.19
2001,2,Tim Duncan,24,SAS,18,706,1240,0.569,82,38.7,22.2,12.2,3,0.9,2.3,0.499,0.259,0.618,13.2,0.2
2001,3,Shaquille O'Neal,28,LAL,7,578,1240,0.466,74,39.5,28.7,12.7,3.7,0.6,2.8,0.572,0,0.513,14.9,0.245
2001,4,Chris Webber,27,SAC,5,521,1240,0.42,70,40.5,27.1,11.1,4.2,1.3,1.7,0.481,0.071,0.703,11,0.186
2001,5,Kevin Garnett,24,MIN,1,151,1240,0.122,81,39.5,22,11.4,5,1.4,1.8,0.477,0.288,0.764,11.8,0.176
2000,1,Shaquille O'Neal,27,LAL,120,1207,1210,0.998,79,40,29.7,13.6,3.8,0.5,3,0.574,0,0.524,18.6,0.283
2000,2,Kevin Garnett,23,MIN,0,408,1210,0.337,81,40,22.9,11.8,5,1.5,1.6,0.497,0.37,0.765,11.6,0.172
2000,3,Alonzo Mourning,29,MIA,0,367,1210,0.303,79,34.8,21.7,9.5,1.6,0.5,3.7,0.551,0,0.711,12.9,0.226
2000,4,Karl Malone,36,UTA,0,312,1210,0.258,82,35.9,25.5,9.5,3.7,1,0.9,0.509,0.25,0.797,15.3,0.249
2000,5,Tim Duncan,23,SAS,0,248,1210,0.205,74,38.9,23.2,12.4,3.2,0.9,2.2,0.49,0.091,0.761,13,0.218
1999,1,Karl Malone,35,UTA,44,827,1180,0.701,49,37.4,23.8,9.4,4.1,1.3,0.6,0.493,0,0.788,9.6,0.252
1999,2,Alonzo Mourning,28,MIA,36,773,1180,0.655,46,38.1,20.1,11,1.6,0.7,3.9,0.511,0,0.652,7.9,0.216
1999,3,Tim Duncan,22,SAS,30,740,1180,0.627,50,39.3,21.7,11.4,2.4,0.9,2.5,0.495,0.143,0.69,8.7,0.213
1999,4,Allen Iverson,23,PHI,5,319,1180,0.27,48,41.5,26.8,4.9,4.6,2.3,0.1,0.412,0.291,0.751,7.2,0.173
1999,5,Jason Kidd,25,PHO,2,159,1180,0.135,50,41.2,16.9,6.8,10.8,2.3,0.4,0.444,0.366,0.757,8.1,0.188
1998,1,Michael Jordan,34,CHI,92,1084,1160,0.934,82,38.8,28.7,5.8,3.5,1.7,0.5,0.465,0.238,0.784,15.8,0.238
1998,2,Karl Malone,34,UTA,20,842,1160,0.726,81,37.4,27,10.3,3.9,1.2,0.9,0.53,0.333,0.761,16.4,0.259
1998,3,Gary Payton,29,SEA,3,431,1160,0.372,82,38.4,19.2,4.6,8.3,2.3,0.2,0.453,0.338,0.744,12.5,0.19
1998,4,Shaquille O'Neal,25,LAL,1,311,1160,0.268,60,36.3,28.3,11.4,2.4,0.7,2.4,0.584,,0.527,10.2,0.224
1998,5,Tim Duncan,21,SAS,0,148,1160,0.128,82,39.1,21.1,11.9,2.7,0.7,2.5,0.549,0,0.662,12.8,0.192
1997,1,Karl Malone,33,UTA,63,986,1150,0.857,82,36.6,27.4,9.9,4.5,1.4,0.6,0.55,0,0.755,16.7,0.268
1997,2,Michael Jordan,33,CHI,52,957,1150,0.832,82,37.9,29.6,5.9,4.3,1.7,0.5,0.486,0.374,0.833,18.3,0.283
1997,3,Grant Hill,24,DET,0,376,1150,0.327,80,39.3,21.4,9,7.3,1.8,0.6,0.496,0.303,0.711,14.6,0.223
1997,4,Tim Hardaway,30,MIA,0,238,1150,0.207,81,38.7,20.3,3.4,8.6,1.9,0.1,0.415,0.344,0.799,12.9,0.198
1997,5,Glen Rice,29,CHH,0,134,1150,0.117,79,42.6,26.8,4,2,0.9,0.3,0.477,0.47,0.867,10.8,0.15
1996,1,Michael Jordan,32,CHI,109,1114,1130,0.986,82,37.7,30.4,6.6,4.3,2.2,0.5,0.495,0.427,0.834,20.4,0.317
1996,2,David Robinson,30,SAS,0,574,1130,0.508,82,36.8,25,12.2,3,1.4,3.3,0.516,0.333,0.761,18.3,0.29
1996,3,Anfernee Hardaway,24,ORL,2,360,1130,0.319,82,36.8,21.7,4.3,7.1,2,0.5,0.513,0.314,0.767,14.4,0.229
1996,4,Hakeem Olajuwon,33,HOU,1,238,1130,0.211,72,38.8,26.9,10.9,3.6,1.6,2.9,0.514,0.214,0.724,9.7,0.166
1996,5,Scottie Pippen,30,CHI,0,226,1130,0.2,77,36.7,19.4,6.4,5.9,1.7,0.7,0.463,0.374,0.679,12.3,0.209
1995,1,David Robinson,29,SAS,73,901,1050,0.858,81,38,27.6,10.8,2.9,1.7,3.2,0.53,0.3,0.774,17.5,0.273
1995,2,Shaquille O'Neal,22,ORL,12,605,1050,0.576,79,37,29.3,11.4,2.7,0.9,2.4,0.583,0,0.533,14,0.23
1995,3,Karl Malone,31,UTA,14,532,1050,0.507,82,38.1,26.7,10.6,3.5,1.6,1,0.536,0.268,0.742,13.8,0.212
1995,4,Patrick Ewing,32,NYK,2,230,1050,0.219,79,37,23.9,11,2.7,0.9,2,0.503,0.286,0.75,9.6,0.157
1995,5,Hakeem Olajuwon,32,HOU,1,147,1050,0.14,72,39.6,27.8,10.8,3.5,1.8,3.4,0.517,0.188,0.756,10.7,0.181
1994,1,Hakeem Olajuwon,31,HOU,66,889,1010,0.88,80,41,27.3,11.9,3.6,1.6,3.7,0.528,0.421,0.716,14.3,0.21
1994,2,David Robinson,28,SAS,24,730,1010,0.723,80,40.5,29.8,10.7,4.8,1.7,3.3,0.507,0.345,0.749,20,0.296
1994,3,Scottie Pippen,28,CHI,7,390,1010,0.386,72,38.3,22,8.7,5.6,2.9,0.8,0.491,0.32,0.66,11.2,0.194
1994,4,Shaquille O'Neal,21,ORL,3,289,1010,0.286,81,39.8,29.3,13.2,2.4,0.9,2.9,0.599,0,0.554,16.9,0.252
1994,5,Patrick Ewing,31,NYK,1,255,1010,0.252,79,37.6,24.5,11.2,2.3,1.1,2.7,0.496,0.286,0.765,13.1,0.211
1993,1,Charles Barkley,29,PHO,59,835,980,0.852,76,37.6,25.6,12.2,5.1,1.6,1,0.52,0.305,0.765,14.4,0.242
1993,2,Hakeem Olajuwon,30,HOU,22,647,980,0.66,82,39.5,26.1,13,3.5,1.8,4.2,0.529,0,0.779,15.8,0.234
1993,3,Michael Jordan,29,CHI,13,565,980,0.577,78,39.3,32.6,6.7,5.5,2.8,0.8,0.495,0.352,0.837,17.2,0.27
1993,4,Patrick Ewing,30,NYK,4,359,980,0.366,81,37.1,24.2,12.1,1.9,0.9,2,0.503,0.143,0.719,10.6,0.17
1993,5,Dominique Wilkins,33,ATL,0,54,980,0.055,71,37.3,29.9,6.8,3.2,1,0.4,0.468,0.38,0.828,10.5,0.191
1992,1,Michael Jordan,28,CHI,80,900,960,0.938,80,38.8,30.1,6.4,6.1,2.3,0.9,0.519,0.27,0.832,17.7,0.274
1992,2,Clyde Drexler,29,POR,12,561,960,0.584,76,36.2,25,6.6,6.7,1.8,0.9,0.47,0.337,0.794,12.8,0.223
1992,3,David Robinson,26,SAS,2,337,960,0.351,68,37.7,23.2,12.2,2.7,2.3,4.5,0.551,0.125,0.701,13.9,0.26
1992,4,Karl Malone,28,UTA,1,262,960,0.273,81,37.7,28,11.2,3,1.3,0.6,0.526,0.176,0.778,15.1,0.237
1992,5,Patrick Ewing,29,NYK,0,100,960,0.104,82,38.4,24,11.2,1.9,1.1,3,0.522,0.167,0.738,13,0.198
1991,1,Michael Jordan,27,CHI,77,891,960,0.928,82,37,31.5,6,5.5,2.7,1,0.539,0.312,0.851,20.3,0.321
1991,2,Magic Johnson,31,LAL,10,497,960,0.518,79,37.1,19.4,7,12.5,1.3,0.2,0.477,0.32,0.906,15.4,0.251
1991,3,David Robinson,25,SAS,6,476,960,0.496,82,37.7,25.6,13,2.5,1.5,3.9,0.552,0.143,0.762,17,0.264
1991,4,Charles Barkley,27,PHI,2,222,960,0.231,67,37.3,27.6,10.1,4.2,1.6,0.5,0.57,0.284,0.722,13.4,0.258
1991,5,Karl Malone,27,UTA,0,142,960,0.148,82,40.3,29,11.8,3.3,1.1,1,0.527,0.286,0.77,15.5,0.225
1990,1,Magic Johnson,30,LAL,27,636,920,0.691,79,37.2,22.3,6.6,11.5,1.7,0.4,0.48,0.384,0.89,16.5,0.27
1990,2,Charles Barkley,26,PHI,38,614,920,0.667,79,39.1,25.2,11.5,3.9,1.9,0.6,0.6,0.217,0.749,17.3,0.269
1990,3,Michael Jordan,26,CHI,21,564,920,0.613,82,39,33.6,6.9,6.3,2.8,0.7,0.526,0.376,0.848,19,0.285
1990,4,Karl Malone,26,UTA,2,214,920,0.233,82,38.1,31,11.1,2.8,1.5,0.6,0.562,0.372,0.762,15.9,0.245
1990,5,Patrick Ewing,27,NYK,1,162,920,0.176,82,38.6,28.6,10.9,2.2,1,4,0.551,0.25,0.775,13.5,0.205
1989,1,Magic Johnson,29,LAL,42.5,664.5,850,0.782,77,37.5,22.5,7.9,12.8,1.8,0.3,0.509,0.314,0.911,16.1,0.267
1989,2,Michael Jordan,25,CHI,27.5,598.8,850,0.704,81,40.2,32.5,8,8,2.9,0.8,0.538,0.276,0.85,19.8,0.292
1989,3,Karl Malone,25,UTA,5,362,850,0.426,80,39.1,29.1,10.7,2.7,1.8,0.9,0.519,0.313,0.766,15.2,0.233
1989,4,Patrick Ewing,26,NYK,8,200,850,0.235,80,36.2,22.7,9.3,2.4,1.5,3.5,0.567,0,0.746,10.9,0.181
1989,5,Hakeem Olajuwon,26,HOU,2,179.3,850,0.211,82,36.9,24.8,13.5,1.8,2.6,3.4,0.508,0,0.696,12.4,0.197
1988,1,Michael Jordan,24,CHI,47,665,800,0.831,82,40.4,35,5.5,5.9,3.2,1.6,0.535,0.132,0.841,21.2,0.308
1988,2,Larry Bird,31,BOS,16,527,800,0.659,76,39,29.9,9.3,6.1,1.6,0.8,0.527,0.414,0.916,15,0.243
1988,3,Magic Johnson,28,LAL,16,508,800,0.635,72,36.6,19.6,6.2,11.9,1.6,0.2,0.492,0.196,0.853,10.9,0.199
1988,4,Charles Barkley,24,PHI,1,109,800,0.136,80,39.6,28.3,11.9,3.2,1.3,1.3,0.587,0.28,0.751,16.7,0.253
1988,5,Clyde Drexler,25,POR,0,86,800,0.108,81,37.8,27,6.6,5.8,2.5,0.6,0.506,0.212,0.811,13.2,0.207
1987,1,Magic Johnson,27,LAL,65,733,780,0.94,80,36.3,23.9,6.3,12.2,1.7,0.5,0.522,0.205,0.848,15.9,0.263
1987,2,Michael Jordan,23,CHI,10,449,780,0.576,82,40,37.1,5.2,4.6,2.9,1.5,0.482,0.182,0.857,16.9,0.247
1987,3,Larry Bird,30,BOS,1,271,780,0.347,74,40.6,28.1,9.2,7.6,1.8,0.9,0.525,0.4,0.91,15.2,0.243
1987,4,Kevin McHale,29,BOS,0,254,780,0.326,77,39.7,26.1,9.9,2.6,0.5,2.2,0.604,0,0.836,14.8,0.232
1987,5,Dominique Wilkins,27,ATL,0,128,780,0.164,79,37.6,29,6.3,3.3,1.5,0.6,0.463,0.292,0.818,12.2,0.197
1986,1,Larry Bird,29,BOS,73,765,780,0.981,82,38,25.8,9.8,6.8,2,0.6,0.496,0.423,0.896,15.8,0.244
1986,2,Dominique Wilkins,26,ATL,5,407,780,0.522,78,39.1,30.3,7.9,2.6,1.8,0.6,0.468,0.186,0.818,10.8,0.17
1986,3,Magic Johnson,26,LAL,0,205,780,0.263,72,35.8,18.8,5.9,12.6,1.6,0.2,0.526,0.233,0.871,12.1,0.226
1986,4,Hakeem Olajuwon,23,HOU,0,193,780,0.247,68,36.3,23.5,11.5,2,2,3.4,0.526,,0.645,9.5,0.186
1986,5,Kareem Abdul-Jabbar,38,LAL,0,135,780,0.173,79,33.3,23.4,6.1,3.5,0.8,1.6,0.564,0,0.765,10.8,0.197
1985,1,Larry Bird,28,BOS,73,763,780,0.978,80,39.5,28.7,10.5,6.6,1.6,1.2,0.522,0.427,0.882,15.7,0.238
1985,2,Magic Johnson,25,LAL,1,264,780,0.338,77,36.1,18.3,6.2,12.6,1.5,0.3,0.561,0.189,0.843,12.7,0.22
1985,3,Moses Malone,29,PHI,0,218,780,0.279,79,37.4,24.6,13.1,1.6,0.8,1.6,0.469,0,0.815,11.9,0.193
1985,4,Kareem Abdul-Jabbar,37,LAL,0,206,780,0.264,79,33.3,22,7.9,3.2,0.8,2.1,0.599,0,0.732,11.2,0.204
1985,5,Terry Cummings,23,MIL,2,138,780,0.177,79,34.5,23.6,9.1,2.9,1.5,0.8,0.495,0,0.741,10.7,0.189
1984,1,Larry Bird,27,BOS,52,652,760,0.858,79,38.3,24.2,10.1,6.6,1.8,0.9,0.492,0.247,0.888,13.6,0.215
1984,2,Bernard King,27,NYK,11,373,760,0.491,77,34.6,26.3,5.1,2.1,1,0.2,0.572,0,0.779,12.1,0.218
1984,3,Magic Johnson,24,LAL,5,305,760,0.401,67,38.3,17.6,7.3,13.1,2.2,0.7,0.565,0.207,0.81,10.2,0.191
1984,4,Kareem Abdul-Jabbar,36,LAL,3,153,760,0.201,80,32.8,21.5,7.3,2.6,0.7,1.8,0.578,0,0.723,8.9,0.163
1984,5,Isiah Thomas,22,DET,1,115,760,0.151,82,36.7,21.3,4,11.1,2.5,0.4,0.462,0.338,0.733,9.1,0.144
1983,1,Moses Malone,27,PHI,69,720,750,0.96,78,37.5,24.5,15.3,1.3,1.1,2,0.501,0,0.761,15.1,0.248
1983,2,Larry Bird,26,BOS,1,364,750,0.485,79,37.7,23.6,11,5.8,1.9,0.9,0.504,0.286,0.84,14,0.225
1983,3,Magic Johnson,23,LAL,2,304.5,750,0.406,79,36.8,16.8,8.6,10.5,2.2,0.6,0.548,0,0.8,12.5,0.207
1983,4,Sidney Moncrief,25,MIL,0,226,750,0.301,76,35.7,22.5,5.8,3.9,1.5,0.3,0.524,0.1,0.826,13.2,0.233
1983,5,Julius Erving,32,PHI,3,112,750,0.149,72,33.6,21.4,6.8,3.7,1.6,1.8,0.517,0.286,0.759,10.9,0.217
1982,1,Moses Malone,26,HOU,40,507,690,0.735,81,42,31.1,14.7,1.8,0.9,1.5,0.519,0,0.762,15.4,0.218
1982,2,Larry Bird,25,BOS,20,406,690,0.588,77,38,22.9,10.9,5.8,1.9,0.9,0.503,0.212,0.863,12.5,0.205
1982,3,Julius Erving,31,PHI,1,203,690,0.294,81,34.4,24.4,6.9,3.9,2,1.7,0.546,0.273,0.763,13.3,0.229
1982,4,Robert Parish,28,BOS,4,131,690,0.19,80,31.7,19.9,10.8,1.8,0.9,2.4,0.542,,0.71,10,0.19
1982,5,Gus Williams,28,SEA,2,115,690,0.167,80,36,23.4,3.1,6.9,2.2,0.5,0.486,0.225,0.734,10.2,0.171
1981,1,Julius Erving,30,PHI,28,454,690,0.658,82,35,24.6,8,4.4,2.1,1.8,0.521,0.222,0.787,13.8,0.231
1981,2,Larry Bird,24,BOS,20,423,690,0.613,82,39.5,21.2,10.9,5.5,2,0.8,0.478,0.27,0.863,10.8,0.16
1981,3,Kareem Abdul-Jabbar,33,LAL,8,286,690,0.414,80,37.2,26.2,10.3,3.4,0.7,2.9,0.574,0,0.766,14.3,0.23
1981,4,Moses Malone,25,HOU,8,180,690,0.261,80,40.6,27.8,14.8,1.8,1,1.9,0.522,0.333,0.757,13.7,0.202
1981,5,George Gervin,28,SAS,1,83,690,0.12,82,33.7,27.1,5.1,3.2,1.1,0.7,0.492,0.257,0.826,10.5,0.182
1980,1,Kareem Abdul-Jabbar,32,LAL,147,147,221,0.665,82,38.3,24.8,10.8,4.5,1,3.4,0.604,0,0.765,14.8,0.227
1980,2,Julius Erving,29,PHI,31.5,31.5,221,0.143,78,36.1,26.9,7.4,4.6,2.2,1.8,0.519,0.2,0.787,12.5,0.213
1980,3,George Gervin,27,SAS,19,19,221,0.086,78,37.6,33.1,5.2,2.6,1.4,1,0.528,0.314,0.852,10.6,0.173
1980,4,Larry Bird,23,BOS,15,15,221,0.068,82,36,21.3,10.4,4.5,1.7,0.6,0.474,0.406,0.836,11.2,0.182
1980,5,Tiny Archibald,31,BOS,2,2,221,0.009,80,35.8,14.1,2.5,8.4,1.3,0.1,0.482,0.222,0.83,8.9,0.148
1979,1,Moses Malone,23,HOU,112,112,223,0.502,82,41.3,24.8,17.6,1.8,1,1.5,0.54,,0.739,14.1,0.2
1979,2,George Gervin,26,SAS,35,35,223,0.157,80,36.1,29.6,5,2.7,1.7,1.1,0.541,,0.826,11.4,0.189
1979,3,Elvin Hayes,33,WSB,28,28,223,0.126,82,37.9,21.8,12.1,1.7,0.9,2.3,0.487,,0.654,9.4,0.146
1979,4,Kareem Abdul-Jabbar,31,LAL,15,15,223,0.067,80,39.5,23.8,12.8,5.4,1,4,0.577,,0.736,14.4,0.219
1979,5,Bob Dandridge,31,WSB,7,7,223,0.031,78,33.7,20.4,5.7,4.7,0.9,0.7,0.499,,0.825,8.7,0.158
1978,1,Bill Walton,25,POR,96,96,238,0.403,58,33.3,18.9,13.2,5,1,2.5,0.522,,0.72,8.4,0.209
1978,2,George Gervin,25,SAS,80.5,80.5,238,0.338,82,34.8,27.2,5.1,3.7,1.7,1.3,0.536,,0.83,12,0.201
1978,3,David Thompson,23,DEN,28.5,28.5,238,0.12,80,37.8,27.2,4.9,4.5,1.2,1.2,0.521,,0.778,12.7,0.202
1978,4,Kareem Abdul-Jabbar,30,LAL,14,14,238,0.059,62,36.5,25.8,12.9,4.3,1.7,3,0.55,,0.783,12.1,0.257
1978,5,Walter Davis,23,PHO,4,4,238,0.017,81,32,24.2,6,3.4,1.4,0.2,0.526,,0.83,10.1,0.187
1977,1,Bill Walton,25,POR,96,96,238,0.403,58,33.3,18.9,13.2,5,1,2.5,0.522,,0.72,8.4,0.209
1977,2,George Gervin,25,SAS,80.5,80.5,238,0.338,82,34.8,27.2,5.1,3.7,1.7,1.3,0.536,,0.83,12,0.201
1977,3,David Thompson,23,DEN,28.5,28.5,238,0.12,80,37.8,27.2,4.9,4.5,1.2,1.2,0.521,,0.778,12.7,0.202
1977,4,Kareem Abdul-Jabbar,30,LAL,14,14,238,0.059,62,36.5,25.8,12.9,4.3,1.7,3,0.55,,0.783,12.1,0.257
1977,5,Walter Davis,23,PHO,4,4,238,0.017,81,32,24.2,6,3.4,1.4,0.2,0.526,,0.83,10.1,0.187
1976,1,Kareem Abdul-Jabbar,28,LAL,52,409,925,0.442,82,41.2,27.7,16.9,5,1.5,4.1,0.529,,0.703,17,0.242
1976,2,Bob McAdoo,24,BUF,47,393,925,0.425,78,42.7,31.1,12.4,4,1.2,2.1,0.487,,0.762,12.3,0.178
1976,3,Dave Cowens,27,BOS,48,378,925,0.409,78,39.8,19,16,4.2,1.2,0.9,0.468,,0.756,10.7,0.165
1976,4,Rick Barry,31,GSW,20,201,925,0.217,81,38.5,21,6.1,6.1,2.5,0.3,0.435,,0.923,9.6,0.148
1976,5,George McGinnis,25,PHI,4,80,925,0.086,77,38.3,23,12.6,4.7,2.6,0.5,0.417,,0.74,8.5,0.139
1975,1,Bob McAdoo,23,BUF,81,547,965,0.567,82,43.2,34.5,14.1,2.2,1.1,2.1,0.512,,0.805,17.8,0.242
1975,2,Dave Cowens,26,BOS,32,310,965,0.321,65,40.5,20.4,14.7,4.6,1.3,1.1,0.475,,0.783,9.5,0.173
1975,3,Elvin Hayes,29,WSB,37,289,965,0.299,82,42.3,23,12.2,2.5,1.9,2.3,0.443,,0.766,12.5,0.173
1975,4,Rick Barry,30,GSW,16,254,965,0.263,80,40.4,30.6,5.7,6.2,2.9,0.4,0.464,,0.904,12.7,0.188
1975,5,Kareem Abdul-Jabbar,27,MIL,13,161,965,0.167,65,42.3,30,14,4.1,1,3.3,0.513,,0.763,12.9,0.22
1974,1,Kareem Abdul-Jabbar,26,MIL,74,528,905,0.583,81,43.8,27,14.5,4.8,1.4,3.5,0.539,,0.702,18.4,0.25
1974,2,Bob McAdoo,22,BUF,60,451,905,0.498,74,43,30.6,15.1,2.3,1.2,3.3,0.547,,0.793,15.3,0.231
1974,3,Bob Lanier,25,DET,37,395,905,0.436,81,37.6,22.5,13.3,4.2,1.4,3,0.504,,0.797,14.4,0.227
1974,4,Dave Cowens,25,BOS,3,91,905,0.101,80,41.9,19,15.7,4.4,1.2,1.3,0.437,,0.832,9.3,0.134
1974,5,Elvin Hayes,28,CAP,4,74,905,0.082,81,44.5,21.4,18.1,2,1.1,3,0.423,,0.721,10.6,0.142
1973,1,Dave Cowens,24,BOS,67,444,875,0.507,82,41.8,20.5,16.2,4.1,,,0.452,,0.779,12,0.168
1973,2,Kareem Abdul-Jabbar,25,MIL,33,339,875,0.387,76,42.8,30.2,16.1,5,,,0.554,,0.713,21.9,0.322
1973,3,Tiny Archibald,24,KCO,44,319,875,0.365,80,46,34,2.8,11.4,,,0.488,,0.847,14.2,0.186
1973,4,Wilt Chamberlain,36,LAL,12,123,875,0.141,82,43.2,13.2,18.6,4.5,,,0.727,,0.51,18.2,0.247
1973,5,John Havlicek,32,BOS,5,88,875,0.101,80,42.1,23.8,7.1,6.6,,,0.45,,0.858,12.1,0.172
1972,1,Kareem Abdul-Jabbar,24,MIL,81,581,900,0.646,81,44.2,34.8,16.6,4.6,,,0.574,,0.689,25.4,0.34
1972,2,Jerry West,33,LAL,44,393,900,0.437,77,38.6,25.8,4.2,9.7,,,0.477,,0.814,13.3,0.216
1972,3,Wilt Chamberlain,35,LAL,36,294,900,0.327,82,42.3,14.8,19.2,4,,,0.649,,0.422,15.8,0.219
1972,4,John Havlicek,31,BOS,1,65,900,0.072,82,45.1,27.5,8.2,7.5,,,0.458,,0.834,12.4,0.162
1972,5,Spencer Haywood,22,SEA,2,49,900,0.054,73,43.4,26.2,12.7,2,,,0.461,,0.819,8.7,0.131
1971,1,Kareem Abdul-Jabbar,23,MIL,133,698,780,0.895,82,40.1,31.7,16,3.3,,,0.577,,0.69,22.3,0.326
1971,2,Jerry West,32,LAL,4,166,780,0.213,69,41.2,26.9,4.6,9.5,,,0.494,,0.832,12.8,0.215
1971,3,Dave Bing,27,DET,6,119,780,0.153,82,37.4,27,4.4,5,,,0.467,,0.797,11.7,0.183
1971,4,Willis Reed,28,NYK,5,109,780,0.14,73,39.1,20.9,13.7,2,,,0.462,,0.785,10.6,0.179
1971,5,Oscar Robertson,32,MIL,5,63,780,0.081,81,39.4,19.4,5.7,8.2,,,0.496,,0.85,12.4,0.186
1970,1,Willis Reed,27,NYK,61,498,775,0.643,81,38.1,21.7,13.9,2,,,0.507,,0.756,14.6,0.227
1970,2,Jerry West,31,LAL,51,457,775,0.59,74,42,31.2,4.6,7.5,,,0.497,,0.824,15.2,0.234
1970,3,Kareem Abdul-Jabbar,22,MIL,30,335,775,0.432,82,43.1,28.8,14.5,4.1,,,0.518,,0.653,13.8,0.187
1970,4,Walt Frazier,24,NYK,4,50,775,0.065,77,39.5,20.9,6,8.2,,,0.518,,0.748,15,0.236
1970,5,Billy Cunningham,26,PHI,2,27,775,0.035,81,39.4,26.1,13.6,4.3,,,0.469,,0.729,10.3,0.155
1969,1,Wes Unseld,22,BAL,53,310,515,0.602,82,36.2,13.8,18.2,2.6,,,0.476,,0.605,10.8,0.175
1969,2,Willis Reed,26,NYK,18,137,515,0.266,82,37.9,21.1,14.5,2.3,,,0.521,,0.747,14.7,0.227
1969,3,Billy Cunningham,25,PHI,15,130,515,0.252,82,40.8,24.8,12.8,3.5,,,0.426,,0.737,9,0.129
1969,4,Bill Russell,34,BOS,11,93,515,0.181,77,42.7,9.9,19.3,4.9,,,0.433,,0.526,10.9,0.159
1969,5,Elgin Baylor,34,LAL,6,89,515,0.173,76,40.3,24.8,10.6,5.4,,,0.447,,0.743,8.5,0.13
1968,1,Wilt Chamberlain,30,PHI,80,444,540,0.822,81,45.5,24.1,24.2,7.8,,,0.683,,0.441,21.9,0.285
1968,2,Nate Thurmond,25,SFW,15,170,540,0.315,65,42.5,18.7,21.3,2.6,,,0.437,,0.629,7.2,0.125
1968,3,Bill Russell,32,BOS,5,96,540,0.178,81,40.7,13.3,21,5.8,,,0.454,,0.61,12.2,0.178
1968,4,Oscar Robertson,28,CIN,3,93,540,0.172,79,43.9,30.5,6.2,10.7,,,0.493,,0.873,17.4,0.241
1968,5,Rick Barry,22,SFW,2,52,540,0.096,78,40.7,35.6,9.2,3.6,,,0.451,,0.884,14.4,0.218
1967,1,Wilt Chamberlain,31,PHI,88,504,695,0.725,82,46.8,24.3,23.8,8.6,,,0.595,,0.38,20.4,0.255
1967,2,Lenny Wilkens,30,STL,26,216,695,0.311,82,38.6,20,5.3,8.3,,,0.438,,0.768,10.1,0.153
1967,3,Elgin Baylor,33,LAL,9,129,695,0.186,77,39.3,26,12.2,4.6,,,0.443,,0.786,8,0.127
1967,4,Dave Bing,24,DET,9,127,695,0.183,79,40.6,27.1,4.7,6.4,,,0.441,,0.707,6.2,0.093
1967,5,Oscar Robertson,29,CIN,7,112,695,0.161,65,42.5,29.2,6,9.7,,,0.5,,0.873,12.3,0.214
1966,1,Wilt Chamberlain,29,PHI,48,181,445,0.407,79,47.3,33.5,24.6,5.2,,,0.54,,0.513,21.4,0.275
1966,2,Jerry West,27,LAL,16,101,445,0.227,79,40.7,31.3,7.1,6.1,,,0.473,,0.86,17.1,0.256
1966,3,Oscar Robertson,27,CIN,14,93,445,0.209,76,46,31.3,7.7,11.1,,,0.475,,0.842,16.9,0.232
1966,4,Bill Russell,31,BOS,7,69,445,0.155,78,43.4,12.9,22.8,4.8,,,0.415,,0.551,11.7,0.165
1966,5,Sam Jones,32,BOS,2,11,445,0.025,67,32.2,23.5,5.2,3.2,,,0.469,,0.799,10,0.222
1965,1,Bill Russell,30,BOS,53,53,99,0.535,78,44.4,14.1,24.1,5.3,,,0.438,,0.573,16.9,0.234
1965,2,Oscar Robertson,26,CIN,21,21,99,0.212,75,45.6,30.4,9,11.5,,,0.48,,0.839,17,0.238
1965,3,Jerry West,26,LAL,20,20,99,0.202,74,41.4,31,6,4.9,,,0.497,,0.821,16.7,0.261
1965,4,Sam Jones,31,BOS,4,4,99,0.04,80,36.1,25.9,5.1,2.8,,,0.452,,0.82,12.8,0.213
1965,5,Wilt Chamberlain,28,TOT,1,1,99,0.01,73,45.2,34.7,22.9,3.4,,,0.51,,0.464,15.1,0.21
1964,1,Oscar Robertson,25,CIN,60,362,480,0.754,79,45.1,31.4,9.9,11,,,0.483,,0.853,20.6,0.278
1964,2,Wilt Chamberlain,27,SFW,19,215,480,0.448,80,46.1,36.9,22.3,5,,,0.524,,0.531,25,0.325
1964,3,Bill Russell,29,BOS,11,167,480,0.348,78,44.6,15,24.7,4.7,,,0.433,,0.55,17.3,0.238
1964,4,Bob Pettit,31,STL,4,69,480,0.144,80,41.2,27.4,15.3,3.2,,,0.463,,0.789,14.9,0.217
1964,5,Jerry West,25,LAL,2,39,480,0.081,72,40.4,28.7,6,5.6,,,0.484,,0.832,14,0.232
1963,1,Bill Russell,28,BOS,56,341,505,0.675,78,44.9,16.8,23.6,4.5,,,0.432,,0.555,13.5,0.185
1963,2,Elgin Baylor,28,LAL,19,221,505,0.438,80,42.1,34,14.3,4.8,,,0.453,,0.837,14.4,0.205
1963,3,Oscar Robertson,24,CIN,19,191,505,0.378,80,44,28.3,10.4,9.5,,,0.518,,0.81,16.8,0.229
1963,4,Bob Pettit,30,STL,3,84,505,0.166,79,39.1,28.4,15.1,3.1,,,0.446,,0.774,14.3,0.222
1963,5,Jerry West,24,LAL,2,19,505,0.038,55,39.3,27.1,7,5.6,,,0.461,,0.778,8.1,0.18
1962,1,Bill Russell,27,BOS,51,297,425,0.699,76,45.2,18.9,23.6,4.5,,,0.457,,0.595,15.5,0.217
1962,2,Wilt Chamberlain,25,PHW,9,152,425,0.358,80,48.5,50.4,25.7,2.4,,,0.506,,0.613,23.1,0.286
1962,3,Oscar Robertson,23,CIN,13,135,425,0.318,79,44.3,30.8,12.5,11.4,,,0.478,,0.803,15.6,0.214
1962,4,Elgin Baylor,27,LAL,3,82,425,0.193,48,44.4,38.3,18.6,4.6,,,0.428,,0.754,7.9,0.179
1962,5,Jerry West,23,LAL,6,60,425,0.141,75,41.2,30.8,7.9,5.4,,,0.445,,0.769,12.9,0.201
1961,1,Bill Russell,26,BOS,35,213,380,0.561,78,44.3,16.9,23.9,3.4,,,0.426,,0.55,13,0.181
1961,2,Bob Pettit,28,STL,14,125,380,0.329,76,39.8,27.9,20.3,3.4,,,0.447,,0.724,14.9,0.237
1961,3,Elgin Baylor,26,LAL,10,116,380,0.305,73,42.9,34.8,19.8,5.1,,,0.43,,0.783,14.8,0.227
1961,4,Wilt Chamberlain,24,PHW,3,81,380,0.213,79,47.8,38.4,27.2,1.9,,,0.509,,0.504,18.8,0.24
1961,5,Oscar Robertson,22,CIN,7,70,380,0.184,71,42.7,30.5,10.1,9.7,,,0.473,,0.822,13.2,0.21
1960,1,Wilt Chamberlain,23,PHW,49,270,395,0.684,72,46.4,37.6,27,2.3,,,0.461,,0.582,17,0.245
1960,2,Bill Russell,25,BOS,15,186,395,0.471,74,42.5,18.2,24,3.7,,,0.467,,0.612,13.8,0.211
1960,3,Bob Pettit,27,STL,3,106,395,0.268,72,40.2,26.1,17,3.6,,,0.438,,0.753,11.5,0.191
1960,4,Bob Cousy,31,BOS,8,66,395,0.167,75,34.5,19.4,4.7,9.5,,,0.384,,0.792,7.8,0.145
1960,5,Elgin Baylor,25,MNL,2,40,395,0.101,70,41,29.6,16.4,3.5,,,0.424,,0.732,11.5,0.192
1959,1,Bob Pettit,26,STL,59,317,410,0.773,72,39.9,29.2,16.4,3.1,,,0.438,,0.759,14.8,0.246
1959,2,Bill Russell,24,BOS,10,144,410,0.351,70,42.6,16.7,23,3.2,,,0.457,,0.598,12.9,0.208
1959,3,Elgin Baylor,24,MNL,2,88,410,0.215,70,40.8,24.9,15,4.1,,,0.408,,0.777,9.8,0.165
1959,4,Bob Cousy,30,BOS,4,71,410,0.173,65,37,20,5.5,8.6,,,0.384,,0.855,8.7,0.174
1959,5,Paul Arizin,30,PHW,1,39,410,0.095,70,40,26.4,9.1,1.7,,,0.431,,0.813,13,0.223
1958,1,Bill Russell,23,BOS,33,228,400,0.57,69,38.3,16.6,22.7,2.9,,,0.442,,0.519,11.3,0.206
1958,2,Dolph Schayes,29,SYR,25,198,400,0.495,72,40.5,24.9,14.2,3.1,,,0.398,,0.904,13.7,0.226
1958,3,George Yardley,29,DET,12,120,400,0.3,72,39.5,27.8,10.7,1.3,,,0.414,,0.811,12.3,0.208
1958,4,Bob Pettit,25,STL,4,97,400,0.243,70,36.1,24.6,17.4,2.2,,,0.41,,0.749,11,0.209
1958,5,Maurice Stokes,24,CIN,2,28,400,0.07,63,39,16.9,18.1,6.4,,,0.351,,0.715,4.5,0.088
1957,1,Bob Cousy,28,BOS,23,23,80,0.288,64,36.9,20.6,4.8,7.5,,,0.378,,0.821,8.8,0.178
1957,2,Bob Pettit,24,STL,21,21,80,0.263,71,35.1,24.7,14.6,1.9,,,0.415,,0.773,11.6,0.224
1957,3,Paul Arizin,28,PHW,9,9,80,0.113,71,39,25.6,7.9,2.1,,,0.422,,0.829,12.3,0.213
1957,4,Dolph Schayes,28,SYR,8,8,80,0.1,72,39.6,22.5,14,3.2,,,0.379,,0.904,12.5,0.211
1957,5,George Yardley,28,FTW,7,7,80,0.088,72,37.4,21.5,10.5,2,,,0.41,,0.787,10,0.179
1956,1,Bob Pettit,23,STL,33,33,80,0.413,72,38.8,25.7,16.2,2.6,,,0.429,,0.736,13.8,0.236
1956,2,Paul Arizin,27,PHW,21,21,80,0.263,72,37.8,24.2,7.5,2.6,,,0.448,,0.81,12.2,0.214
1956,3,Bob Cousy,27,BOS,11,11,80,0.138,72,38.4,18.8,6.8,8.9,,,0.36,,0.844,6.8,0.119
1956,4,Mel Hutchins,27,FTW,9,9,80,0.113,66,33.9,12,7.5,2.7,,,0.425,,0.643,4.4,0.095
1956,5,Dolph Schayes,27,SYR,2,2,80,0.025,72,35,20.4,12.4,2.8,,,0.387,,0.858,11.8,0.225